[
    {
        "identifier": 5,
        "state": "not_running",
        "priority": 3,
        "pc": 0,
        "memory_pointers": 0,
        "context_data": 0,
        "io_status_info": 0,
        "global_timer": 1108,
        "context": {
            "cpu_time_to_complete": 400,
            "cpu_time_completed": 400,
            "time_entered_to_queue": 161,
            "time_started_on_cpu": 161,
            "time_spent_waiting": 403,
            "time_completed": 403
        }
    },
    {
        "identifier": 4,
        "state": "not_running",
        "priority": 2,
        "pc": 0,
        "memory_pointers": 0,
        "context_data": 0,
        "io_status_info": 0,
        "global_timer": 1108,
        "context": {
            "cpu_time_to_complete": 100,
            "cpu_time_completed": 100,
            "time_entered_to_queue": 725,
            "time_started_on_cpu": 725,
            "time_spent_waiting": 826,
            "time_completed": 826
        }
    },
    {
        "identifier": 2,
        "state": "not_running",
        "priority": 2,
        "pc": 0,
        "memory_pointers": 0,
        "context_data": 0,
        "io_status_info": 0,
        "global_timer": 1108,
        "context": {
            "cpu_time_to_complete": 300,
            "cpu_time_completed": 300,
            "time_entered_to_queue": 564,
            "time_started_on_cpu": 564,
            "time_spent_waiting": 967,
            "time_completed": 967
        }
    },
    {
        "identifier": 3,
        "state": "not_running",
        "priority": 2,
        "pc": 0,
        "memory_pointers": 0,
        "context_data": 0,
        "io_status_info": 0,
        "global_timer": 1108,
        "context": {
            "cpu_time_to_complete": 200,
            "cpu_time_completed": 200,
            "time_entered_to_queue": 403,
            "time_started_on_cpu": 403,
            "time_spent_waiting": 1008,
            "time_completed": 1008
        }
    },
    {
        "identifier": 1,
        "state": "not_running",
        "priority": 1,
        "pc": 0,
        "memory_pointers": 0,
        "context_data": 0,
        "io_status_info": 0,
        "global_timer": 1108,
        "context": {
            "cpu_time_to_complete": 100,
            "cpu_time_completed": 100,
            "time_entered_to_queue": 1008,
            "time_started_on_cpu": 1008,
            "time_spent_waiting": 1108,
            "time_completed": 1108
        }
    }
]