[
    {
        "identifier": 5,
        "state": "not_running",
        "priority": 3,
        "pc": 0,
        "memory_pointers": 0,
        "context_data": 0,
        "io_status_info": 0,
        "global_timer": 1300,
        "context": {
            "cpu_time_to_complete": 400,
            "cpu_time_completed": 400,
            "time_entered_to_queue": 6,
            "time_started_on_cpu": 6,
            "time_spent_waiting": 480,
            "time_completed": 480
        }
    },
    {
        "identifier": 4,
        "state": "not_running",
        "priority": 2,
        "pc": 0,
        "memory_pointers": 0,
        "context_data": 0,
        "io_status_info": 0,
        "global_timer": 1300,
        "context": {
            "cpu_time_to_complete": 100,
            "cpu_time_completed": 100,
            "time_entered_to_queue": 492,
            "time_started_on_cpu": 492,
            "time_spent_waiting": 840,
            "time_completed": 840
        }
    },
    {
        "identifier": 3,
        "state": "not_running",
        "priority": 2,
        "pc": 0,
        "memory_pointers": 0,
        "context_data": 0,
        "io_status_info": 0,
        "global_timer": 1300,
        "context": {
            "cpu_time_to_complete": 200,
            "cpu_time_completed": 200,
            "time_entered_to_queue": 480,
            "time_started_on_cpu": 480,
            "time_spent_waiting": 1080,
            "time_completed": 1080
        }
    },
    {
        "identifier": 2,
        "state": "not_running",
        "priority": 2,
        "pc": 0,
        "memory_pointers": 0,
        "context_data": 0,
        "io_status_info": 0,
        "global_timer": 1300,
        "context": {
            "cpu_time_to_complete": 300,
            "cpu_time_completed": 300,
            "time_entered_to_queue": 486,
            "time_started_on_cpu": 486,
            "time_spent_waiting": 1200,
            "time_completed": 1200
        }
    },
    {
        "identifier": 1,
        "state": "not_running",
        "priority": 1,
        "pc": 0,
        "memory_pointers": 0,
        "context_data": 0,
        "io_status_info": 0,
        "global_timer": 1300,
        "context": {
            "cpu_time_to_complete": 100,
            "cpu_time_completed": 100,
            "time_entered_to_queue": 1200,
            "time_started_on_cpu": 1200,
            "time_spent_waiting": 1300,
            "time_completed": 1300
        }
    }
]