[
    {
        "identifier": 5,
        "state": "not_running",
        "priority": 3,
        "pc": 0,
        "memory_pointers": 0,
        "context_data": 0,
        "io_status_info": 0,
        "global_timer": 1120,
        "context": {
            "cpu_time_to_complete": 400,
            "cpu_time_completed": 400,
            "time_entered_to_queue": 51,
            "time_started_on_cpu": 51,
            "time_spent_waiting": 408,
            "time_completed": 408
        }
    },
    {
        "identifier": 4,
        "state": "not_running",
        "priority": 2,
        "pc": 0,
        "memory_pointers": 0,
        "context_data": 0,
        "io_status_info": 0,
        "global_timer": 1120,
        "context": {
            "cpu_time_to_complete": 100,
            "cpu_time_completed": 100,
            "time_entered_to_queue": 510,
            "time_started_on_cpu": 510,
            "time_spent_waiting": 714,
            "time_completed": 714
        }
    },
    {
        "identifier": 3,
        "state": "not_running",
        "priority": 2,
        "pc": 0,
        "memory_pointers": 0,
        "context_data": 0,
        "io_status_info": 0,
        "global_timer": 1120,
        "context": {
            "cpu_time_to_complete": 200,
            "cpu_time_completed": 200,
            "time_entered_to_queue": 408,
            "time_started_on_cpu": 408,
            "time_spent_waiting": 918,
            "time_completed": 918
        }
    },
    {
        "identifier": 2,
        "state": "not_running",
        "priority": 2,
        "pc": 0,
        "memory_pointers": 0,
        "context_data": 0,
        "io_status_info": 0,
        "global_timer": 1120,
        "context": {
            "cpu_time_to_complete": 300,
            "cpu_time_completed": 300,
            "time_entered_to_queue": 459,
            "time_started_on_cpu": 459,
            "time_spent_waiting": 1020,
            "time_completed": 1020
        }
    },
    {
        "identifier": 1,
        "state": "not_running",
        "priority": 1,
        "pc": 0,
        "memory_pointers": 0,
        "context_data": 0,
        "io_status_info": 0,
        "global_timer": 1120,
        "context": {
            "cpu_time_to_complete": 100,
            "cpu_time_completed": 100,
            "time_entered_to_queue": 1020,
            "time_started_on_cpu": 1020,
            "time_spent_waiting": 1120,
            "time_completed": 1120
        }
    }
]