[
    {
        "identifier": 5,
        "state": "not_running",
        "priority": 3,
        "pc": 0,
        "memory_pointers": 0,
        "context_data": 0,
        "io_status_info": 0,
        "global_timer": 1118,
        "context": {
            "cpu_time_to_complete": 400,
            "cpu_time_completed": 400,
            "time_entered_to_queue": 61,
            "time_started_on_cpu": 61,
            "time_spent_waiting": 407,
            "time_completed": 407
        }
    },
    {
        "identifier": 4,
        "state": "not_running",
        "priority": 2,
        "pc": 0,
        "memory_pointers": 0,
        "context_data": 0,
        "io_status_info": 0,
        "global_timer": 1118,
        "context": {
            "cpu_time_to_complete": 100,
            "cpu_time_completed": 100,
            "time_entered_to_queue": 529,
            "time_started_on_cpu": 529,
            "time_spent_waiting": 753,
            "time_completed": 753
        }
    },
    {
        "identifier": 3,
        "state": "not_running",
        "priority": 2,
        "pc": 0,
        "memory_pointers": 0,
        "context_data": 0,
        "io_status_info": 0,
        "global_timer": 1118,
        "context": {
            "cpu_time_to_complete": 200,
            "cpu_time_completed": 200,
            "time_entered_to_queue": 407,
            "time_started_on_cpu": 407,
            "time_spent_waiting": 957,
            "time_completed": 957
        }
    },
    {
        "identifier": 2,
        "state": "not_running",
        "priority": 2,
        "pc": 0,
        "memory_pointers": 0,
        "context_data": 0,
        "io_status_info": 0,
        "global_timer": 1118,
        "context": {
            "cpu_time_to_complete": 300,
            "cpu_time_completed": 300,
            "time_entered_to_queue": 468,
            "time_started_on_cpu": 468,
            "time_spent_waiting": 1018,
            "time_completed": 1018
        }
    },
    {
        "identifier": 1,
        "state": "not_running",
        "priority": 1,
        "pc": 0,
        "memory_pointers": 0,
        "context_data": 0,
        "io_status_info": 0,
        "global_timer": 1118,
        "context": {
            "cpu_time_to_complete": 100,
            "cpu_time_completed": 100,
            "time_entered_to_queue": 1018,
            "time_started_on_cpu": 1018,
            "time_spent_waiting": 1118,
            "time_completed": 1118
        }
    }
]