[
    {
        "identifier": 5,
        "state": "not_running",
        "priority": 3,
        "pc": 0,
        "memory_pointers": 0,
        "context_data": 0,
        "io_status_info": 0,
        "global_timer": 1114,
        "context": {
            "cpu_time_to_complete": 400,
            "cpu_time_completed": 400,
            "time_entered_to_queue": 81,
            "time_started_on_cpu": 81,
            "time_spent_waiting": 405,
            "time_completed": 405
        }
    },
    {
        "identifier": 4,
        "state": "not_running",
        "priority": 2,
        "pc": 0,
        "memory_pointers": 0,
        "context_data": 0,
        "io_status_info": 0,
        "global_timer": 1114,
        "context": {
            "cpu_time_to_complete": 100,
            "cpu_time_completed": 100,
            "time_entered_to_queue": 567,
            "time_started_on_cpu": 567,
            "time_spent_waiting": 831,
            "time_completed": 831
        }
    },
    {
        "identifier": 3,
        "state": "not_running",
        "priority": 2,
        "pc": 0,
        "memory_pointers": 0,
        "context_data": 0,
        "io_status_info": 0,
        "global_timer": 1114,
        "context": {
            "cpu_time_to_complete": 200,
            "cpu_time_completed": 200,
            "time_entered_to_queue": 405,
            "time_started_on_cpu": 405,
            "time_spent_waiting": 953,
            "time_completed": 953
        }
    },
    {
        "identifier": 2,
        "state": "not_running",
        "priority": 2,
        "pc": 0,
        "memory_pointers": 0,
        "context_data": 0,
        "io_status_info": 0,
        "global_timer": 1114,
        "context": {
            "cpu_time_to_complete": 300,
            "cpu_time_completed": 300,
            "time_entered_to_queue": 486,
            "time_started_on_cpu": 486,
            "time_spent_waiting": 1014,
            "time_completed": 1014
        }
    },
    {
        "identifier": 1,
        "state": "not_running",
        "priority": 1,
        "pc": 0,
        "memory_pointers": 0,
        "context_data": 0,
        "io_status_info": 0,
        "global_timer": 1114,
        "context": {
            "cpu_time_to_complete": 100,
            "cpu_time_completed": 100,
            "time_entered_to_queue": 1014,
            "time_started_on_cpu": 1014,
            "time_spent_waiting": 1114,
            "time_completed": 1114
        }
    }
]